{
  "appId": "com.alhaj.app",
  "appName": "Alhaj",
  "bundledWebRuntime": false,
  "npmClient": "npm",
  "webDir": "www",
  "plugins": {
    "PushNotifications": {
      "presentationOptions": [
        "badge",
        "sound",
        "alert"
      ]
    },
    "SplashScreen": {
      "launchAutoHide": true,
      "backgroundColor": "#fff",
      "androidSplashResourceName": "splash",
      "androidScaleType": "CENTER_CROP"
    }
  },
  "cordova": {},
  "server": {
    "url": "http://192.168.1.2:8100",
    "cleartext": true
  }
}
